,node,I_NQ,I_LM,I_TT,reciprocal_system_optimal,reciprocal_tt
0,1,0.1125,0.1125,0.1125,0.1125,0.1125
1,2,0.5345,0.5345,0.5345,0.5345,0.5345
2,3,1.0,1.0,-inf,-inf,1.0
3,4,0.5756,0.5756,0.5756,0.5756,0.5756
4,5,0.4736,0.4736,0.4736,0.4736,0.4736
5,6,0.7023,0.7023,0.7023,0.7023,0.7023
6,7,1.0,1.0,-inf,-inf,1.0
7,8,0.5722,0.5722,0.5722,0.5722,0.5722
8,9,0.1932,0.1932,0.1932,0.1932,0.1932
